id;name;hash;year;director;synopsis
1;Account Infrastructure;calculating deposit extranet;2022-08-31T19:55:07;Concrete Soap;Honduras Baby Factors
2;Borders programming;Loti;2022-08-31T19:11:51;GB Fish Soap;invoice Optional
3;Savings;Outdoors communities Bacon;2022-08-31T10:06:17;Frozen Dynamic Personal;GB help-desk payment
4;sticky grid-enabled Representative;Brooks Dynamic card;2022-08-31T23:01:38;programming didactic;Cotton
5;Knoll;Ergonomic Shoes revolutionary;2022-08-31T11:16:44;Corner AGP Granite;Supervisor Bedfordshire
6;toolset;embrace;2022-09-01T02:13:23;generation;interactive infomediaries Accounts
7;migration hack Plastic;solid connecting;2022-08-31T05:21:36;Chips;Licensed database XML
8;eyeballs Incredible;invoice Strategist;2022-08-31T05:31:57;Azerbaijanian Multi-tiered RSS;Lithuania enhance PCI
9;facilitate;exploit;2022-08-31T23:41:56;orange blockchains Steel;application Trail Corners
10;Tasty Cambridgeshire International;back-end New;2022-09-01T01:11:28;global array;Bacon
